{
  "num_repetitions": 10,
  "num_documents": 47332,
  "LDA": {
    "training_time_s": {
      "mean": 25.9,
      "std": 1.37
    },
    "peak_memory_gb": {
      "mean": 0.009,
      "std": 0.0
    },
    "inference_time_ms": {
      "mean": 0.064,
      "std": 0.003
    },
    "raw_values": {
      "training": [
        27.29951000213623,
        29.498690843582153,
        25.960295915603638,
        25.25533699989319,
        25.197098970413208,
        25.133323907852173,
        25.185377836227417,
        25.031480073928833,
        25.259042978286743,
        25.152358055114746
      ],
      "memory": [
        0.008828209713101387,
        0.008509848266839981,
        0.008517135865986347,
        0.008504277095198631,
        0.008504622615873814,
        0.008503736928105354,
        0.008505379781126976,
        0.008878439664840698,
        0.00850537046790123,
        0.008502201177179813
      ],
      "inference": [
        0.06370067596435547,
        0.06640911102294922,
        0.061779022216796875,
        0.06846904754638672,
        0.06055116653442383,
        0.060830116271972656,
        0.0615692138671875,
        0.06627082824707031,
        0.0656580924987793,
        0.06064176559448242
      ]
    }
  },
  "NMF": {
    "training_time_s": {
      "mean": 3.94,
      "std": 0.01
    },
    "peak_memory_gb": {
      "mean": 0.055,
      "std": 0.0
    },
    "inference_time_ms": {
      "mean": 0.006,
      "std": 0.0
    },
    "raw_values": {
      "training": [
        3.9748830795288086,
        3.9279329776763916,
        3.94063401222229,
        3.921112060546875,
        3.932407855987549,
        3.9390687942504883,
        3.9296469688415527,
        3.925351858139038,
        3.935521125793457,
        3.933642864227295
      ],
      "memory": [
        0.054662857204675674,
        0.054644908756017685,
        0.05464360862970352,
        0.05464369244873524,
        0.05464387871325016,
        0.05464387126266956,
        0.054643766954541206,
        0.05464360676705837,
        0.054644180461764336,
        0.05464383866637945
      ],
      "inference": [
        0.006639957427978516,
        0.006530284881591797,
        0.006968975067138672,
        0.006289482116699219,
        0.006449222564697266,
        0.006389617919921875,
        0.006382465362548828,
        0.006129741668701172,
        0.006368160247802734,
        0.006432533264160156
      ]
    }
  },
  "BERTopic": {
    "embedding_time_s": 101.43,
    "training_time_s": {
      "mean": 41.8,
      "std": 5.69
    },
    "total_time_s": {
      "mean": 143.23,
      "std": 5.69
    },
    "peak_memory_gb": {
      "mean": 1.147,
      "std": 0.005
    },
    "inference_time_ms": {
      "mean": 13.18,
      "std": 13.888
    },
    "raw_values": {
      "training": [
        58.864166259765625,
        39.617669105529785,
        39.894103050231934,
        39.884212017059326,
        39.84856605529785,
        39.96720814704895,
        39.92000699043274,
        40.19850993156433,
        40.0607750415802,
        39.72928595542908
      ],
      "memory": [
        1.161478309892118,
        1.1459456449374557,
        1.145947533659637,
        1.1459454353898764,
        1.1459480514749885,
        1.145946946926415,
        1.1459460034966469,
        1.1459469739347696,
        1.1459487564861774,
        1.1459452314302325
      ],
      "inference": [
        54.70094680786133,
        7.856900691986085,
        7.88975715637207,
        10.66925048828125,
        7.918248176574707,
        7.920937538146973,
        7.889297008514404,
        10.968048572540283,
        7.939190864562987,
        8.045399188995361
      ]
    }
  }
}